CardName,1999-07,2000-02,2000-05,2000-07,2000-08,2000-11,2001-01,2001-05,2002-01,2002-05,2003-01,2003-04,2003-07,2003-10,2004-03,2004-09,2005-03,2005-09,2006-03,2006-09,2007-03,2007-09,2008-03,2008-09,2009-03,2009-09,2010-03,2010-09
A Hero Lives,,,,,,,,,,,,,,,,,,,,,,,,,,,,
ABC-Dragon Buster,,,,,,,,,,,,,,,,,,,,,,,,,,,,
Abyss Soldier,,,,,,,,,,,,,,,,,2,2,3,3,3,3,3,3,3,3,3,3
Abyss-sphere,,,,,,,,,,,,,,,,,,,,,,,,,,,,
Advanced Ritual Art,,,,,,,,,,,,,,,,,,,,,3,3,1,1,1,1,1,1
Agido the Ancient Sentinel,,,,,,,,,,,,,,,,,,,,,,,,,,,,
Aleister the Invoker,,,,,,,,,,,,,,,,,,,,,,,,,,,,
Allure of Darkness,,,,,,,,,,,,,,,,,,,,,,,,,2,2,1,1
Altergeist Meluseek,,,,,,,,,,,,,,,,,,,,,,,,,,,,
Altergeist Multifaker,,,,,,,,,,,,,,,,,,,,,,,,,,,,
Amazoness Archer,,,,,,,,3,3,3,3,3,3,3,3,3,3,3,3,3,3,3,3,3,3,3,3,3
Ancient Fairy Dragon,,,,,,,,,,,,,,,,,,,,,,,,,,3,3,3
Apprentice Magician,,,,,,,,,,,3,3,3,3,3,3,3,3,2,2,2,2,3,3,3,3,3,3
Archlord Kristya,,,,,,,,,,,,,,,,,,,,,,,,,3,3,3,3
Armageddon Knight,,,,,,,,,,,,,,,,,,,,,,,3,3,3,3,3,3
Artifact Moralltach,,,,,,,,,,,,,,,,,,,,,,,,,,,,
Ash Blossom & Joyous Spring,,,,,,,,,,,,,,,,,,,,,,,,,,,,
Astrograph Sorcerer,,,,,,,,,,,,,,,,,,,,,,,,,,,,
Atlantean Dragoons,,,,,,,,,,,,,,,,,,,,,,,,,,,,
Babycerasaurus,,,,,,,,,,,,,,,,,,,,3,3,3,3,3,3,3,3,3
Backup Soldier,,,,,,,1,2,2,2,2,3,3,3,3,3,3,3,3,3,3,3,3,3,3,3,3,3
Barrier Statue of the Stormwinds,,,,,,,,,,,,,,,,,,,,3,3,3,3,3,3,3,3,3
"Beatrice, Lady of the Eternal",,,,,,,,,,,,,,,,,,,,,,,,,,,,
Big Welcome Labrynth,,,,,,,,,,,,,,,,,,,,,,,,,,,,
Black Luster Soldier - Envoy of the Beginning,,,,,,,,,,,,,3,1,1,1,1,0,0,0,0,0,0,0,0,0,0,0
Black Rose Dragon,,,,,,,,,,,,,,,,,,,,,,,,3,3,1,1,3
Black Whirlwind,,,,,,,,,,,,,,,,,,,,,,,,,3,3,2,1
Blackwing - Gale the Whirlwind,,,,,,,,,,,,,,,,,,,,,,,,,3,1,1,1
Blackwing - Gofu the Vague Shadow,,,,,,,,,,,,,,,,,,,,,,,,,,,,
Blackwing - Kalut the Moon Shadow,,,,,,,,,,,,,,,,,,,,,,,,,3,3,3,3
Blackwing - Steam the Cloak,,,,,,,,,,,,,,,,,,,,,,,,,,,,
"Blaster, Dragon Ruler of Infernos",,,,,,,,,,,,,,,,,,,,,,,,,,,,
"Blaze Fenix, the Burning Bombardment Bird",,,,,,,,,,,,,,,,,,,,,,,,,,,,
Block Dragon,,,,,,,,,,,,,,,,,,,,,,,,,,,,
Bonfire,,,,,,,,,,,,,,,,,,,,,,,,,,,,
Book of Moon,,,,,,,,,,3,3,3,3,3,3,3,3,1,1,1,1,1,2,2,3,3,3,3
Bottomless Trap Hole,,,,,,,,,3,3,3,3,3,3,3,3,3,3,3,3,3,3,3,3,3,2,2,2
Brain Control,,,,,,,,,,,,,,,,,3,3,3,3,3,1,1,1,1,1,1,0
Branded Fusion,,,,,,,,,,,,,,,,,,,,,,,,,,,,
Branded Opening,,,,,,,,,,,,,,,,,,,,,,,,,,,,
Breaker the Magical Warrior,,,,,,,,,,,1,1,1,1,1,1,1,1,1,1,0,1,0,1,1,3,3,3
Brilliant Fusion,,,,,,,,,,,,,,,,,,,,,,,,,,,,
"Brionac, Dragon of the Ice Barrier",,,,,,,,,,,,,,,,,,,,,,,,3,1,1,1,1
Brotherhood of the Fire Fist - Rooster,,,,,,,,,,,,,,,,,,,,,,,,,,,,
Burial from a Different Dimension,,,,,,,,,,,,,,,,,,,,,3,3,3,3,3,3,1,1
"Burner, Dragon Ruler of Sparks",,,,,,,,,,,,,,,,,,,,,,,,,,,,
Butterfly Dagger - Elma,,,,,,,,,,,1,1,1,1,1,1,0,0,0,0,0,0,0,0,0,0,0,0
Bystial Baldrake,,,,,,,,,,,,,,,,,,,,,,,,,,,,
Bystial Druiswurm,,,,,,,,,,,,,,,,,,,,,,,,,,,,
Bystial Magnamhut,,,,,,,,,,,,,,,,,,,,,,,,,,,,
Call of the Haunted,,,,,,3,1,1,1,1,1,1,1,1,1,1,1,1,1,1,1,1,0,0,0,1,1,1
Called by the Grave,,,,,,,,,,,,,,,,,,,,,,,,,,,,
Cannon Soldier,,3,3,3,3,3,3,3,3,3,3,3,3,3,3,3,3,3,3,3,3,3,3,3,3,3,3,3
Cannon Soldier MK-2,,,,,,,,,,,,,,,,,,,,,,,3,3,3,3,3,3
Card Destruction,,,,,,,3,3,3,1,1,1,1,1,1,1,1,1,1,1,1,1,1,1,1,1,1,1
Card of Demise,,,,,,,,,,,,,,,,,,,,,,,,,,,,
Card of Safe Return,,,,,,,,3,3,3,3,3,3,3,3,3,3,3,3,3,3,3,3,2,1,0,0,0
Card Trooper,,,,,,,,,,,,,,,,,,,,,3,1,1,1,1,1,1,1
Catapult Turtle,,3,3,3,3,3,3,3,3,3,3,3,3,3,3,3,3,3,3,3,3,3,3,3,3,3,3,3
Ceasefire,,,,,,3,1,1,1,1,1,1,1,1,1,1,1,1,1,1,1,1,1,1,1,1,1,1
Chain Strike,,,,,,,,,,,,,,,,,,,,,1,1,1,2,2,2,2,2
Change of Heart,,1,1,1,1,1,1,1,1,1,1,1,1,1,0,1,0,0,0,0,0,0,0,0,0,0,0,0
Chaos Emperor Dragon - Envoy of the End,,,,,,,,,,,,,1,1,1,0,0,0,0,0,0,0,0,0,0,0,0,0
"Chaos Ruler, the Chaotic Magical Dragon",,,,,,,,,,,,,,,,,,,,,,,,,,,,
Chaos Sorcerer,,,,,,,,,,,,,3,3,3,3,3,3,3,0,0,0,0,0,1,2,1,2
Charge of the Light Brigade,,,,,,,,,,,,,,,,,,,,,,,,,,,1,1
Chronograph Sorcerer,,,,,,,,,,,,,,,,,,,,,,,,,,,,
Chronomaly Nebra Disk,,,,,,,,,,,,,,,,,,,,,,,,,,,,
Cold Wave,,,,,,,3,3,3,3,3,3,3,3,3,3,3,3,3,3,3,3,3,3,3,1,1,1
Confiscation,,,3,1,1,1,1,1,1,1,1,1,1,1,1,1,0,1,1,1,1,0,0,0,0,0,0,0
Creature Swap,,,,,,,,,3,3,2,2,2,2,2,2,2,2,2,2,2,2,3,3,3,3,3,3
Crossout Designator,,,,,,,,,,,,,,,,,,,,,,,,,,,,
Crush Card Virus,3,3,3,3,3,3,3,3,3,3,3,3,3,3,3,1,1,1,1,1,1,1,1,1,1,0,0,0
Crystron Halqifibrax,,,,,,,,,,,,,,,,,,,,,,,,,,,,
Cursed Eldland,,,,,,,,,,,,,,,,,,,,,,,,,,,,
Cyber Dragon,,,,,,,,,,,,,,,,,,3,3,3,3,3,2,1,1,1,2,3
Cyber Jar,,,,3,3,1,1,1,1,1,1,1,1,1,0,1,1,1,0,0,0,0,0,0,0,0,0,0
Cyber-Stein,,3,3,3,3,3,3,3,3,3,3,3,3,3,3,3,3,3,3,3,0,0,0,0,0,0,0,0
D.D. Assailant,,,,,,,,,,,,,,,3,3,3,3,1,1,2,3,3,3,3,3,3,3
D.D. Warrior Lady,,,,,,,,,,,3,3,3,3,3,3,1,1,1,1,1,1,1,1,1,3,3,3
D/D Lamia,,,,,,,,,,,,,,,,,,,,,,,,,,,,
D/D Swirl Slime,,,,,,,,,,,,,,,,,,,,,,,,,,,,
Dandylion,,,,,,,,,,,,,,,,,,3,1,1,1,1,1,1,1,1,2,2
Danger! Nessie!,,,,,,,,,,,,,,,,,,,,,,,,,,,,
Danger!? Jackalope?,,,,,,,,,,,,,,,,,,,,,,,,,,,,
"Dante, Traveler of the Burning Abyss",,,,,,,,,,,,,,,,,,,,,,,,,,,,
Dark Armed Dragon,,,,,,,,,,,,,,,,,,,,,,,,2,1,1,1,1
Dark Grepher,,,,,,,,,,,,,,,,,,,,,,,,,3,3,3,3
Dark Hole,1,1,1,1,1,1,1,1,1,1,1,1,1,1,1,0,0,1,0,0,0,0,0,0,0,0,0,1
Dark Magician of Chaos,,,,,,,,,,,,,,1,1,1,1,1,1,1,1,1,1,0,0,0,0,0
Dark Scorpion - Chick the Yellow,,,,,,,,,,,3,3,3,3,3,3,2,3,3,3,3,3,3,3,3,3,3,3
Dark Strike Fighter,,,,,,,,,,,,,,,,,,,,,,,,,3,0,0,0
Debris Dragon,,,,,,,,,,,,,,,,,,,,,,,,,3,3,3,3
Deck Devastation Virus,,,,,,,,,,,,,,,,,1,1,2,2,2,3,3,3,3,3,3,3
Deep Sea Diva,,,,,,,,,,,,,,,,,,,,,,,,,3,3,3,3
Delinquent Duo,,,3,2,2,2,2,2,2,1,1,1,1,1,0,0,1,0,0,0,0,0,0,0,0,0,0,0
"Demise, King of Armageddon",,,,,,,,,,,,,,,,,,,3,3,3,3,3,3,3,1,2,2
"Denglong, First of the Yang Zing",,,,,,,,,,,,,,,,,,,,,,,,,,,,
Destiny Draw,,,,,,,,,,,,,,,,,,,,,3,3,3,3,2,3,1,1
Destiny HERO - Disk Commander,,,,,,,,,,,,,,,,,,,,,,1,1,0,0,0,0,0
Destiny HERO - Malicious,,,,,,,,,,,,,,,,,,,,,3,2,2,3,2,2,2,2
"Dewloren, Tiger King of the Ice Barrier",,,,,,,,,,,,,,,,,,,,,,,,,3,2,2,2
Diabellstar the Black Witch,,,,,,,,,,,,,,,,,,,,,,,,,,,,
Dimension Fusion,,,,,,,,,,,,,,3,3,3,3,3,3,3,1,1,1,0,0,0,0,0
Dimension Shifter,,,,,,,,,,,,,,,,,,,,,,,,,,,,
"Dinomight Knight, the True Dracofighter",,,,,,,,,,,,,,,,,,,,,,,,,,,,
Dinowrestler Pankratops,,,,,,,,,,,,,,,,,,,,,,,,,,,,
Divine Arsenal AA-ZEUS - Sky Thunder,,,,,,,,,,,,,,,,,,,,,,,,,,,,
Divine Sword - Phoenix Blade,,,,,,,,,,,,,,,,,,3,3,3,3,3,3,3,3,3,3,3
Divine Wind of Mist Valley,,,,,,,,,,,,,,,,,,,,,,,,,,,,
Djinn Releaser of Rituals,,,,,,,,,,,,,,,,,,,,,,,,,,,3,3
Domain of the True Monarchs,,,,,,,,,,,,,,,,,,,,,,,,,,,,
Double Iris Magician,,,,,,,,,,,,,,,,,,,,,,,,,,,,
Draco Face-Off,,,,,,,,,,,,,,,,,,,,,,,,,,,,
Draconnet,,,,,,,,,,,,,,,,,,,,,,,,,,,,
Dragon Ravine,,,,,,,,,,,,,,,,,,,,,,,,,,,,3
Dragon Shrine,,,,,,,,,,,,,,,,,,,,,,,,,,,,
Dragonic Diagram,,,,,,,,,,,,,,,,,,,,,,,,,,,,
Drop Off,,,,,,,,,3,3,3,3,3,3,3,3,3,3,1,3,3,3,3,3,3,3,3,3
E - Emergency Call,,,,,,,,,,,,,,,,,,,3,3,3,3,3,3,3,3,3,3
Eclipse Wyvern,,,,,,,,,,,,,,,,,,,,,,,,,,,,
El Shaddoll Construct,,,,,,,,,,,,,,,,,,,,,,,,,,,,
El Shaddoll Fusion,,,,,,,,,,,,,,,,,,,,,,,,,,,,
El Shaddoll Winda,,,,,,,,,,,,,,,,,,,,,,,,,,,,
Elder Entity Norden,,,,,,,,,,,,,,,,,,,,,,,,,,,,
Eldlixir of Scarlet Sanguine,,,,,,,,,,,,,,,,,,,,,,,,,,,,
Elemental HERO Bubbleman,,,,,,,,,,,,,,,,,,3,3,3,3,3,3,3,3,3,3,3
Elemental HERO Shadow Mist,,,,,,,,,,,,,,,,,,,,,,,,,,,,
Elemental HERO Stratos,,,,,,,,,,,,,,,,,,,,,1,1,1,1,1,1,1,1
Emergency Provisions,,,,,,,,,3,3,3,3,3,3,3,3,2,2,2,3,3,3,3,3,3,3,3,3
Emergency Teleport,,,,,,,,,,,,,,,,,,,,,,,,3,1,1,1,1
EMERGENCY!,,,,,,,,,,,,,,,,,,,,,,,,,,,,
Eva,,,,,,,,,,,,,,,,,,,,,,,,,,,,
Evigishki Gustkraken,,,,,,,,,,,,,,,,,,,,,,,,,,,,
Evilswarm Ophion,,,,,,,,,,,,,,,,,,,,,,,,,,,,
Exchange of the Spirit,,,,,,,,,3,1,1,1,1,1,1,1,1,1,0,0,0,0,0,0,0,0,0,0
Exiled Force,,,,,,,,,3,1,1,1,1,1,1,1,1,1,1,2,3,3,3,3,3,3,3,3
Exodia the Forbidden One,,1,1,1,1,1,1,1,1,1,1,1,1,1,1,1,1,1,1,1,1,1,1,1,1,1,1,1
Fairy Tail - Snow,,,,,,,,,,,,,,,,,,,,,,,,,,,,
Fiber Jar,,,,,,,,,1,1,1,1,1,1,0,1,0,0,0,0,0,0,0,0,0,0,0,0
Fiendsmith Engraver,,,,,,,,,,,,,,,,,,,,,,,,,,,,
Fiendsmith's Tract,,,,,,,,,,,,,,,,,,,,,,,,,,,,
Fire Formation - Tenki,,,,,,,,,,,,,,,,,,,,,,,,,,,,
Fire King High Avatar Kirin,,,,,,,,,,,,,,,,,,,,,,,,,,,,
Firewall Dragon,,,,,,,,,,,,,,,,,,,,,,,,,,,,
Fishborg Blaster,,,,,,,,,,,,,,,,,,,,,,,,,,3,3,3
Fissure,3,3,3,3,3,3,3,3,3,3,3,3,3,3,3,3,3,3,3,3,3,1,1,1,1,3,3,3
Floowandereeze and the Magnificent Map,,,,,,,,,,,,,,,,,,,,,,,,,,,,
Foolish Burial,,,,,,,,,,,,,,,3,3,3,3,3,3,3,3,2,2,2,2,1,1
Foolish Burial Goods,,,,,,,,,,,,,,,,,,,,,,,,,,,,
Formula Synchron,,,,,,,,,,,,,,,,,,,,,,,,,,,,
Fossil Dig,,,,,,,,,,,,,,,,,,,,,,,,,,3,3,3
Fusion Destiny,,,,,,,,,,,,,,,,,,,,,,,,,,,,
Future Fusion,,,,,,,,,,,,,,,,,,,,1,1,1,1,1,1,1,1,1
"Galatea, the Orcust Automaton",,,,,,,,,,,,,,,,,,,,,,,,,,,,
Gandora-X the Dragon of Demolition,,,,,,,,,,,,,,,,,,,,,,,,,,,,
Gateway of the Six,,,,,,,,,,,,,,,,,,,,,,,,,,,,
Genex Ally Birdman,,,,,,,,,,,,,,,,,,,,,,,,,,,3,3
Giant Trunade,,,3,3,3,3,3,3,3,3,3,3,3,3,3,3,3,3,3,2,1,1,1,1,1,1,1,1
"Girsu, the Orcust Mekk-Knight",,,,,,,,,,,,,,,,,,,,,,,,,,,,
Gladiator Beast Bestiari,,,,,,,,,,,,,,,,,,,,,,,3,3,1,1,1,1
Glow-Up Bulb,,,,,,,,,,,,,,,,,,,,,,,,,,,,
Goblin Zombie,,,,,,,,,,,,,3,3,3,3,3,3,3,3,3,3,3,3,2,2,2,3
Gold Sarcophagus,,,,,,,,,,,,,,,,,,,,,1,1,1,1,2,2,2,2
Good Goblin Housekeeping,,,,,,,,,,,,,,,,,2,2,2,2,2,3,3,3,3,3,3,3
Gorz the Emissary of Darkness,,,,,,,,,,,,,,,,,,,,,1,1,1,1,1,1,1,1
Goyo Guardian,,,,,,,,,,,,,,,,,,,,,,,,3,1,1,1,1
Gozen Match,,,,,,,,,,,,,,,,,,,,,,,,3,3,3,3,3
Graceful Charity,,2,2,2,2,2,2,2,2,2,1,1,1,1,1,0,1,0,1,1,0,0,0,0,0,0,0,0
Gravekeeper's Servant,,,3,2,2,2,3,3,3,3,3,3,3,3,3,3,3,3,3,3,3,3,3,3,3,3,3,3
Gravity Bind,,,,,,,3,3,3,3,3,3,3,3,3,3,2,2,2,1,1,1,1,1,2,2,2,2
"Green Baboon, Defender of the Forest",,,,,,,,,,,,,,,,,,,,1,1,1,1,1,1,3,3,3
Green Gadget,,,,,,,,,,,,,,,,3,3,3,3,3,3,2,3,3,3,3,3,3
Grinder Golem,,,,,,,,,,,,,,,,,,,,,,,3,3,3,3,3,3
Guardian Sphinx,,,,,,,,,,2,2,3,3,3,3,3,3,3,3,3,3,3,3,3,3,3,3,3
Guardragon Agarpain,,,,,,,,,,,,,,,,,,,,,,,,,,,,
Guardragon Elpy,,,,,,,,,,,,,,,,,,,,,,,,,,,,
Harmonizing Magician,,,,,,,,,,,,,,,,,,,,,,,,,,,,
Harpie's Feather Duster,,2,1,1,1,1,1,1,1,1,1,1,1,1,0,0,0,0,0,0,0,0,0,0,0,0,0,0
Heavy Storm,,,3,3,3,2,2,2,2,1,1,1,1,1,1,1,1,1,1,1,1,1,1,1,1,1,1,0
Heavymetalfoes Electrumite,,,,,,,,,,,,,,,,,,,,,,,,,,,,
Herald of Orange Light,,,,,,,,,,,,,,,,,,,,,,,,,,,3,3
Hieratic Seal of Convocation,,,,,,,,,,,,,,,,,,,,,,,,,,,,
Honest,,,,,,,,,,,,,,,,,,,,,,,3,3,3,3,2,2
Hot Red Dragon Archfiend King Calamity,,,,,,,,,,,,,,,,,,,,,,,,,,,,
Ib the World Chalice Justiciar,,,,,,,,,,,,,,,,,,,,,,,,,,,,
Icarus Attack,,,,,,,,,,,,,,,,,,,3,3,3,3,3,3,3,3,3,3
"Ignister Prominence, the Blasting Dracoslayer",,,,,,,,,,,,,,,,,,,,,,,,,,,,
Imperial Order,,,,,,2,1,1,1,1,1,1,1,1,0,0,0,0,0,0,0,0,0,0,0,0,0,0
Infernity Launcher,,,,,,,,,,,,,,,,,,,,,,,,,,,3,1
Injection Fairy Lily,,,,,,,,,3,1,1,1,1,1,0,1,1,1,1,1,3,3,3,3,3,3,3,3
Instant Fusion,,,,,,,,,,,,,,,,,,,,,3,3,3,3,3,3,3,3
Interrupted Kaiju Slumber,,,,,,,,,,,,,,,,,,,,,,,,,,,,
Invoked Mechaba,,,,,,,,,,,,,,,,,,,,,,,,,,,,
Inzektor Dragonfly,,,,,,,,,,,,,,,,,,,,,,,,,,,,
Inzektor Hornet,,,,,,,,,,,,,,,,,,,,,,,,,,,,
Jinzo,,,,,,1,1,1,1,1,1,1,1,1,1,1,1,1,1,1,1,2,3,3,3,3,3,3
Judgment Dragon,,,,,,,,,,,,,,,,,,,,,,,3,2,2,2,2,2
Junk Speeder,,,,,,,,,,,,,,,,,,,,,,,,,,,,
Kaiser Colosseum,,,,,,,,,,,3,3,3,3,3,3,3,3,3,3,3,3,3,3,3,3,3,3
Kashtira Fenrir,,,,,,,,,,,,,,,,,,,,,,,,,,,,
Kashtira Unicorn,,,,,,,,,,,,,,,,,,,,,,,,,,,,
Kelbek the Ancient Vanguard,,,,,,,,,,,,,,,,,,,,,,,,,,,,
Keldo the Sacred Protector,,,,,,,,,,,,,,,,,,,,,,,,,,,,
Knightmare Goblin,,,,,,,,,,,,,,,,,,,,,,,,,,,,
Knightmare Mermaid,,,,,,,,,,,,,,,,,,,,,,,,,,,,
Kuribandit,,,,,,,,,,,,,,,,,,,,,,,,,,,,
Lady Debug,,,,,,,,,,,,,,,,,,,,,,,,,,,,
Last Turn,,,,,,,3,3,2,2,2,2,2,2,2,2,2,2,0,0,0,0,0,0,0,0,0,0
Last Will,,1,1,1,1,1,2,3,3,3,3,3,3,3,3,3,3,3,1,1,0,0,0,0,0,0,0,0
Lavalval Chain,,,,,,,,,,,,,,,,,,,,,,,,,,,,
Left Arm of the Forbidden One,,1,1,1,1,1,1,1,1,1,1,1,1,1,1,1,1,1,1,1,1,1,1,1,1,1,1,1
Left Leg of the Forbidden One,,1,1,1,1,1,1,1,1,1,1,1,1,1,1,1,1,1,1,1,1,1,1,1,1,1,1,1
Legendary Six Samurai - Shi En,,,,,,,,,,,,,,,,,,,,,,,,,,,,
Level Eater,,,,,,,,,,,,,,,,,,,,,,,,,,,3,3
Level Limit - Area B,,,,,,,,,,,,,,,3,3,2,2,1,1,1,1,1,1,1,1,1,1
Life Equalizer,,,,,,,,,,,,,,,,,,,3,3,3,3,3,3,3,3,3,3
Light and Darkness Dragon,,,,,,,,,,,,,,,,,,,,,3,3,2,3,3,3,3,3
Lightning Storm,,,,,,,,,,,,,,,,,,,,,,,,,,,,
Lightning Vortex,,,,,,,,,,,,,,,,,1,1,1,3,3,3,3,3,3,3,3,3
"Lightning, Dragon Ruler of Drafts",,,,,,,,,,,,,,,,,,,,,,,,,,,,
Limiter Removal,,,,,,,1,1,1,1,1,3,3,3,3,3,3,1,1,1,1,1,1,1,1,1,1,1
Linkross,,,,,,,,,,,,,,,,,,,,,,,,,,,,
Lonefire Blossom,,,,,,,,,,,,,,,,,,,,,,,,3,3,2,2,2
"Lumina, Lightsworn Summoner",,,,,,,,,,,,,,,,,,,,,,,3,3,3,3,1,1
"Luster Pendulum, the Dracoslayer",,,,,,,,,,,,,,,,,,,,,,,,,,,,
M-X-Saber Invoker,,,,,,,,,,,,,,,,,,,,,,,,,,,,
Mage Power,,,,,,,,3,1,1,1,1,1,1,1,1,1,1,1,1,1,1,2,3,3,3,3,3
Magic Cylinder,,,,,,,1,1,1,1,1,1,1,1,1,1,1,1,1,1,1,1,1,1,1,1,1,2
Magical Explosion,,,,,,,,,,,,,,,,,,3,3,3,3,3,3,3,3,3,1,1
Magical Meltdown,,,,,,,,,,,,,,,,,,,,,,,,,,,,
Magical Scientist,,,,,,,,,,,3,3,3,1,1,1,0,0,0,0,0,0,0,0,0,0,0,0
Magical Stone Excavation,,,,,,,,,,,,,,,,3,3,3,1,1,1,1,2,2,2,2,2,2
Magician of Faith,,3,3,3,3,3,3,3,3,3,3,3,3,3,3,3,3,3,2,1,0,1,0,0,0,0,0,0
Majespecter Unicorn - Kirin,,,,,,,,,,,,,,,,,,,,,,,,,,,,
Makyura the Destructor,,,,,,,,,3,1,1,2,2,2,2,2,0,0,0,0,0,0,0,0,0,0,0,0
Manju of the Ten Thousand Hands,,,,,,,,,,,,,,3,3,3,3,3,3,3,3,3,3,3,3,3,3,3
Manticore of Darkness,,,,,,,,,,,,,,2,2,2,2,2,2,2,2,2,2,2,3,3,3,3
Marauding Captain,,,,,,,,,3,2,2,2,2,2,2,2,2,3,3,3,3,3,3,3,3,3,3,3
Marshmallon,,,,,,,,,,,,,,,,3,1,1,1,1,1,1,1,1,1,1,1,1
Mask Change II,,,,,,,,,,,,,,,,,,,,,,,,,,,,
Mask of Darkness,,3,3,3,3,3,3,3,3,3,3,3,3,3,3,3,3,3,1,1,2,2,2,2,2,2,3,3
Mass Driver,,,,,,,,,,,,,,,,,,,,,,,,,,,,
"Master Peace, the True Dracoslaying King",,,,,,,,,,,,,,,,,,,,,,,,,,,,
Mathematician,,,,,,,,,,,,,,,,,,,,,,,,,,,,
Mathmech Circular,,,,,,,,,,,,,,,,,,,,,,,,,,,,
"Maxx ""C""",,,,,,,,,,,,,,,,,,,,,,,,,,,,
Megamorph,,,,3,1,1,1,1,3,3,3,3,3,3,3,3,3,3,3,3,3,1,1,1,1,1,1,1
Memories of Hope,,,,,,,,,,,,,,,,,,,,,,,,,,,,
Mermail Abyssteus,,,,,,,,,,,,,,,,,,,,,,,,,,,,
Metamorphosis,,,,,,,,,,,3,3,3,3,3,3,3,1,1,1,2,0,0,0,0,0,0,0
Metaverse,,,,,,,,,,,,,,,,,,,,,,,,,,,,
Mezuki,,,,,,,,,,,,,,,,,,,,,,,3,3,1,2,1,1
Mind Control,,,,,,,,,,,,,,,,,3,3,3,3,3,3,3,3,3,1,1,1
Mind Crush,,,,,,,,,,,,,,,,3,3,3,3,3,1,1,1,1,2,2,1,1
Mind Master,,,,,,,,,,,,,,,,,,,,,,,,3,3,1,1,1
Mirage of Nightmare,,,,,,,,,,3,1,1,1,1,1,1,0,0,0,0,0,0,0,0,0,0,0,0
Mirror Force,,1,1,1,1,1,1,1,1,1,1,1,1,1,1,0,1,0,1,1,1,1,1,1,1,1,1,1
Monster Gate,,,,,,,,,,,,,,,3,3,3,3,3,3,3,3,3,1,1,1,1,1
Monster Reborn,,2,2,2,2,2,1,1,1,1,1,1,1,1,1,0,0,0,0,0,0,0,1,1,1,0,0,1
Morphing Jar,,3,3,3,3,3,3,3,3,1,1,1,1,1,1,1,1,1,1,1,1,1,1,1,1,1,1,1
Morphing Jar 2|Morphing Jar #2,,,,,,1,1,2,2,2,2,2,2,2,2,2,3,3,3,3,3,3,3,3,3,3,3,3
Mudora the Sword Oracle,,,,,,,,,,,,,,,,,,,,,,,,,,,,
My Friend Purrely,,,,,,,,,,,,,,,,,,,,,,,,,,,,
Mystic Mine,,,,,,,,,,,,,,,,,,,,,,,,,,,,
Mystical Space Typhoon,,,3,3,3,3,3,3,3,3,3,3,3,3,3,1,1,1,1,1,1,1,1,1,1,1,1,2
Nadir Servant,,,,,,,,,,,,,,,,,,,,,,,,,,,,
Necro Gardna,,,,,,,,,,,,,,,,,,,,,,3,3,3,3,3,1,1
Necroface,,,,,,,,,,,,,,,,,,,,3,3,3,2,2,2,2,1,1
Needlebug Nest,,,,,,,,,,,,,,,,,,,,,,,,3,3,3,3,3
Nekroz Cycle,,,,,,,,,,,,,,,,,,,,,,,,,,,,
Nekroz of Brionac,,,,,,,,,,,,,,,,,,,,,,,,,,,,
Nekroz of Unicore,,,,,,,,,,,,,,,,,,,,,,,,,,,,
Neo-Spacian Grand Mole,,,,,,,,,,,,,,,,,,,,,1,1,1,1,1,1,1,1
Night Assailant,,,,,,,,,,,,,,,3,3,3,1,1,1,1,1,1,1,1,1,1,1
Nightmare Throne,,,,,,,,,,,,,,,,,,,,,,,,,,,,
Nobleman of Crossout,,,,,,3,2,2,2,2,2,2,2,2,2,1,1,1,1,1,1,2,1,2,3,3,3,3
Number 11: Big Eye,,,,,,,,,,,,,,,,,,,,,,,,,,,,
Number 16: Shock Master,,,,,,,,,,,,,,,,,,,,,,,,,,,,
Number 40: Gimmick Puppet of Strings,,,,,,,,,,,,,,,,,,,,,,,,,,,,
Number 86: Heroic Champion - Rhongomyniad,,,,,,,,,,,,,,,,,,,,,,,,,,,,
Number 95: Galaxy-Eyes Dark Matter Dragon,,,,,,,,,,,,,,,,,,,,,,,,,,,,
Number S0: Utopic ZEXAL,,,,,,,,,,,,,,,,,,,,,,,,,,,,
Ojama Trio,,,,,,,,,,,3,3,3,3,3,3,3,3,3,3,3,3,1,1,1,1,1,2
One Day of Peace,,,,,,,,,,,,,,,,,,,,,,,,,,,,
One for One,,,,,,,,,,,,,,,,,,,,,,,,,3,1,1,1
Orcust Harp Horror,,,,,,,,,,,,,,,,,,,,,,,,,,,,
Outer Entity Azathot,,,,,,,,,,,,,,,,,,,,,,,,,,,,
Overload Fusion,,,,,,,,,,,,,,,,,,,,3,1,1,1,1,1,1,1,1
Painful Choice,,,3,3,3,3,1,1,1,1,1,1,1,1,0,1,0,0,0,0,0,0,0,0,0,0,0,0
Pantheism of the Monarchs,,,,,,,,,,,,,,,,,,,,,,,,,,,,
Pendulum Call,,,,,,,,,,,,,,,,,,,,,,,,,,,,
Performage Damage Juggler,,,,,,,,,,,,,,,,,,,,,,,,,,,,
Performage Plushfire,,,,,,,,,,,,,,,,,,,,,,,,,,,,
Performapal Monkeyboard,,,,,,,,,,,,,,,,,,,,,,,,,,,,
Performapal Pendulum Sorcerer,,,,,,,,,,,,,,,,,,,,,,,,,,,,
Performapal Skullcrobat Joker,,,,,,,,,,,,,,,,,,,,,,,,,,,,
Personal Spoofing,,,,,,,,,,,,,,,,,,,,,,,,,,,,
Pestilence,,,,,,,,,,,,,,,,,,,,,,,,,,,,3
Phantom of Chaos,,,,,,,,,,,,,,,,,,,,,,,3,2,3,3,3,3
Phantom of Yubel,,,,,,,,,,,,,,,,,,,,,,,,,,,,
Phoenixian Cluster Amaryllis,,,,,,,,,,,,,,,,,,,,,,,,,3,3,3,3
Plaguespreader Zombie,,,,,,,,,,,,,,,,,,,,,,,,3,1,1,1,1
Pot of Avarice,,,,,,,,,,,,,,,,,,3,1,1,1,2,3,3,3,3,3,3
Pot of Desires,,,,,,,,,,,,,,,,,,,,,,,,,,,,
Pot of Duality,,,,,,,,,,,,,,,,,,,,,,,,,,,,3
Pot of Extravagance,,,,,,,,,,,,,,,,,,,,,,,,,,,,
Pot of Greed,,1,1,1,1,1,1,1,1,1,1,1,1,1,1,1,1,1,0,0,0,0,0,0,0,0,0,0
Pot of Prosperity,,,,,,,,,,,,,,,,,,,,,,,,,,,,
Prank-Kids Meow-Meow-Mu,,,,,,,,,,,,,,,,,,,,,,,,,,,,
Predaplant Ophrys Scorpio,,,,,,,,,,,,,,,,,,,,,,,,,,,,
Predaplant Verte Anaconda,,,,,,,,,,,,,,,,,,,,,,,,,,,,
Premature Burial,,,,,,3,3,3,3,1,1,1,1,1,1,1,1,1,1,1,1,1,1,0,0,0,0,0
Preparation of Rites,,,,,,,,,,,,,,,,,,,,,,,,,,3,3,3
Pressured Planet Wraitsoth,,,,,,,,,,,,,,,,,,,,,,,,,,,,
Primal Seed,,,,,,,,,,,,,3,3,3,3,3,3,3,3,3,3,3,3,3,3,3,3
Primeval Planet Perlereino,,,,,,,,,,,,,,,,,,,,,,,,,,,,
Protector of the Sanctuary,,,,,,,,,,,,,,,3,1,1,1,1,1,1,3,3,3,3,3,3,3
PSY-Framegear Gamma,,,,,,,,,,,,,,,,,,,,,,,,,,,,
PSY-Framelord Omega,,,,,,,,,,,,,,,,,,,,,,,,,,,,
Purrely Delicious Memory,,,,,,,,,,,,,,,,,,,,,,,,,,,,
Purrely Sleepy Memory,,,,,,,,,,,,,,,,,,,,,,,,,,,,
Qliphort Scout,,,,,,,,,,,,,,,,,,,,,,,,,,,,
Raigeki,1,1,1,1,1,1,1,1,1,1,1,1,1,1,0,0,0,0,0,0,0,0,0,0,0,0,0,0
Raiza the Storm Monarch,,,,,,,,,,,,,,,,,,,,,3,3,1,1,2,3,3,3
"Reactan, Dragon Ruler of Pebbles",,,,,,,,,,,,,,,,,,,,,,,,,,,,
Reasoning,,,,,,,,,,,3,3,3,3,3,3,3,3,3,3,3,3,3,1,1,1,1,1
Reborn Tengu,,,,,,,,,,,,,,,,,,,,,,,,,,,,
Reckless Greed,,,,,,,,,,1,1,1,1,1,1,1,1,1,1,2,2,2,3,3,3,3,3,3
Red Gadget,,,,,,,,,,,,,,,,3,3,3,3,3,3,2,3,3,3,3,3,3
Red Reboot,,,,,,,,,,,,,,,,,,,,,,,,,,,,
Red-Eyes Dark Dragoon,,,,,,,,,,,,,,,,,,,,,,,,,,,,
Red-Eyes Darkness Metal Dragon,,,,,,,,,,,,,,,,,,,,,,,3,3,3,3,3,3
Red-Eyes Fusion,,,,,,,,,,,,,,,,,,,,,,,,,,,,
"Redox, Dragon Ruler of Boulders",,,,,,,,,,,,,,,,,,,,,,,,,,,,
Reflect Bounder,,,,,,,,,,,3,1,1,1,1,1,1,1,2,3,3,3,3,3,3,3,3,3
Reinforcement of the Army,,,,,,,,,3,2,2,2,2,2,2,2,2,2,2,2,2,2,2,3,1,1,1,1
Rescue Cat,,,,,,,,,,,,,,,,,3,3,3,3,3,3,3,2,2,1,1,0
Rescue Rabbit,,,,,,,,,,,,,,,,,,,,,,,,,,,,
Rescue-ACE Air Lifter,,,,,,,,,,,,,,,,,,,,,,,,,,,,
Return from the Different Dimension,,,,,,,,,,,,,,,,3,3,3,3,3,3,3,3,1,1,1,1,1
Right Arm of the Forbidden One,,1,1,1,1,1,1,1,1,1,1,1,1,1,1,1,1,1,1,1,1,1,1,1,1,1,1,1
Right Leg of the Forbidden One,,1,1,1,1,1,1,1,1,1,1,1,1,1,1,1,1,1,1,1,1,1,1,1,1,1,1,1
Ring of Destruction,,,,,,,2,2,1,1,1,1,1,1,1,1,1,0,0,1,1,0,0,0,0,0,0,0
Riryoku,,,,,,,2,2,2,2,2,3,3,3,3,3,3,3,3,3,3,3,3,3,3,3,3,3
Rite of Aramesir,,,,,,,,,,,,,,,,,,,,,,,,,,,,
Rivalry of Warlords,,,,,,,,,,3,3,3,3,3,3,3,3,3,3,3,3,3,3,3,3,3,3,3
Royal Decree,,3,3,3,3,3,3,3,3,3,3,3,3,3,3,3,3,3,3,3,3,2,2,3,3,3,2,3
Royal Oppression,,,,,,,,,3,3,3,3,3,3,3,3,3,3,3,3,3,3,3,3,3,3,2,1
Royal Tribute,,,,,,,,,,,3,3,3,3,3,3,3,3,3,3,3,3,3,3,3,3,3,3
Runick Fountain,,,,,,,,,,,,,,,,,,,,,,,,,,,,
S:P Little Knight,,,,,,,,,,,,,,,,,,,,,,,,,,,,
Sacred Phoenix of Nephthys,,,,,,,,,,,,,,,,,1,1,1,1,3,3,3,3,3,3,3,3
Sacred Sword of Seven Stars,,,,,,,,,,,,,,,,,,,,,,,,,,,,
Salamangreat Circle,,,,,,,,,,,,,,,,,,,,,,,,,,,,
Salamangreat Gazelle,,,,,,,,,,,,,,,,,,,,,,,,,,,,
Sangan,,3,3,3,3,3,2,2,2,2,1,1,1,1,1,0,1,1,1,1,1,1,1,1,1,1,1,1
Sangen Summoning,,,,,,,,,,,,,,,,,,,,,,,,,,,,
Saqlifice,,,,,,,,,,,,,,,,,,,,,,,,,,,,
Saryuja Skull Dread,,,,,,,,,,,,,,,,,,,,,,,,,,,,
Scapegoat,,,,,,,,3,3,3,3,3,3,3,3,3,3,1,1,1,1,1,1,1,1,1,1,1
"Scarm, Malebranche of the Burning Abyss",,,,,,,,,,,,,,,,,,,,,,,,,,,,
Senju of the Thousand Hands,,,,3,3,3,3,3,3,3,3,3,3,3,3,3,3,3,3,3,3,3,3,3,3,3,3,3
Set Rotation,,,,,,,,,,,,,,,,,,,,,,,,,,,,
Shien's Smoke Signal,,,,,,,,,,,,,,,,,,,,,,,,,,,,
"Shurit, Strategist of the Nekroz",,,,,,,,,,,,,,,,,,,,,,,,,,,,
Sinister Serpent,,,,3,3,1,1,1,3,3,1,1,1,1,1,1,1,0,0,0,0,0,0,0,0,0,0,0
Sinister Shadow Games,,,,,,,,,,,,,,,,,,,,,,,,,,,,
Sixth Sense,,,,,,,,,,,,,,3,3,1,0,0,0,0,0,0,0,0,0,0,0,0
Skill Drain,,,,,,,,,,,3,3,3,3,3,3,3,3,3,3,3,3,3,3,3,3,2,2
Sky Striker Ace - Kagari,,,,,,,,,,,,,,,,,,,,,,,,,,,,
Sky Striker Mecha - Hornet Drones,,,,,,,,,,,,,,,,,,,,,,,,,,,,
Sky Striker Mecha - Widow Anchor,,,,,,,,,,,,,,,,,,,,,,,,,,,,
Sky Striker Mecha Modules - Multirole,,,,,,,,,,,,,,,,,,,,,,,,,,,,
Sky Striker Mobilize - Engage!,,,,,,,,,,,,,,,,,,,,,,,,,,,,
Slate Warrior,,,,,,,,,3,1,1,3,3,3,3,3,3,3,3,3,3,3,3,3,3,3,3,3
Smashing Ground,,,,,,,,,,,,,,3,3,3,3,3,3,3,3,1,1,1,1,1,3,3
Smoke Grenade of the Thief,,,,,,,,,3,3,3,3,3,3,3,3,3,3,3,3,3,3,3,3,3,3,3,3
Snake-Eye Ash,,,,,,,,,,,,,,,,,,,,,,,,,,,,
Snake-Eyes Poplar,,,,,,,,,,,,,,,,,,,,,,,,,,,,
Snatch Steal,,,2,2,2,1,1,1,1,1,1,1,1,1,1,1,1,1,1,0,1,0,0,0,0,0,0,0
Snipe Hunter,,,,,,,,,,,,,,,,,,,,3,3,1,1,1,1,1,1,2
Solemn Judgment,,3,3,3,3,3,3,3,3,3,3,3,3,3,3,3,3,3,3,3,3,3,3,3,3,1,1,1
Solemn Strike,,,,,,,,,,,,,,,,,,,,,,,,,,,,
Solemn Warning,,,,,,,,,,,,,,,,,,,,,,,,,,,,3
Soul Charge,,,,,,,,,,,,,,,,,,,,,,,,,,,,
Souleating Oviraptor,,,,,,,,,,,,,,,,,,,,,,,,,,,,
Speedroid Terrortop,,,,,,,,,,,,,,,,,,,,,,,,,,,,
Spellbook of Judgment,,,,,,,,,,,,,,,,,,,,,,,,,,,,
Spellbook of Knowledge,,,,,,,,,,,,,,,,,,,,,,,,,,,,
Spellbook of Secrets,,,,,,,,,,,,,,,,,,,,,,,,,,,,
Spirit Reaper,,,,,,,,,,,3,3,3,3,3,3,3,3,3,1,1,1,1,1,1,1,1,1
Spore,,,,,,,,,,,,,,,,,,,,,,,,,,,3,3
Spright Blue,,,,,,,,,,,,,,,,,,,,,,,,,,,,
Spright Elf,,,,,,,,,,,,,,,,,,,,,,,,,,,,
Spright Jet,,,,,,,,,,,,,,,,,,,,,,,,,,,,
Spright Starter,,,,,,,,,,,,,,,,,,,,,,,,,,,,
SPYRAL GEAR - Drone,,,,,,,,,,,,,,,,,,,,,,,,,,,,
SPYRAL Quik-Fix,,,,,,,,,,,,,,,,,,,,,,,,,,,,
SPYRAL Resort,,,,,,,,,,,,,,,,,,,,,,,,,,,,
Star Seraph Sovereignty,,,,,,,,,,,,,,,,,,,,,,,,,,,,
"Stream, Dragon Ruler of Droplets",,,,,,,,,,,,,,,,,,,,,,,,,,,,
Substitoad,,,,,,,,,,,,,,,,,,,,,,,3,3,3,3,3,0
Summon Limit,,,,,,,,,,,,,,,,,,,,,,,3,3,3,3,3,3
Summon Sorceress,,,,,,,,,,,,,,,,,,,,,,,,,,,,
Summoner Monk,,,,,,,,,,,,,,,,,,3,3,3,3,3,3,3,3,1,1,1
Super Polymerization,,,,,,,,,,,,,,,,,,,,,,,3,3,3,3,3,3
Super Rejuvenation,,,,,,,,,,,,,,,,,3,3,3,3,3,3,3,3,3,3,3,3
Superheavy Samurai Motorbike,,,,,,,,,,,,,,,,,,,,,,,,,,,,
Superheavy Samurai Soulbreaker Armor,,,,,,,,,,,,,,,,,,,,,,,,,,,,
Superheavy Samurai Soulpiercer,,,,,,,,,,,,,,,,,,,,,,,,,,,,
Supreme King Dragon Darkwurm,,,,,,,,,,,,,,,,,,,,,,,,,,,,
Swap Frog,,,,,,,,,,,,,,,,,,,,,,,,,,3,3,3
Swords of Revealing Light,3,3,3,3,3,1,2,2,2,1,1,1,1,1,1,1,1,1,1,1,1,1,1,1,1,1,1,1
Swordsoul Emergence,,,,,,,,,,,,,,,,,,,,,,,,,,,,
Symbol of Heritage,,,,,,,,,,,,,,,,,,,3,3,3,3,3,3,3,3,3,3
T.G. Hyper Librarian,,,,,,,,,,,,,,,,,,,,,,,,,,,,
T.G. Striker,,,,,,,,,,,,,,,,,,,,,,,,,,,,
Tearlaments Havnis,,,,,,,,,,,,,,,,,,,,,,,,,,,,
Tearlaments Kashtira,,,,,,,,,,,,,,,,,,,,,,,,,,,,
Tearlaments Kitkallos,,,,,,,,,,,,,,,,,,,,,,,,,,,,
Tearlaments Merrli,,,,,,,,,,,,,,,,,,,,,,,,,,,,
Tearlaments Reinoheart,,,,,,,,,,,,,,,,,,,,,,,,,,,,
Tearlaments Scheiren,,,,,,,,,,,,,,,,,,,,,,,,,,,,
Tellarknight Ptolemaeus,,,,,,,,,,,,,,,,,,,,,,,,,,,,
Tempest Magician,,,,,,,,,,,,,,,,,,,,,,,,,,,3,3
"Tempest, Dragon Ruler of Storms",,,,,,,,,,,,,,,,,,,,,,,,,,,,
Temple of the Kings,,,,,,,,,3,3,3,3,3,3,3,3,3,3,1,0,0,0,0,0,0,0,0,0
Tenpai Dragon Chundra,,,,,,,,,,,,,,,,,,,,,,,,,,,,
Terraforming,,,,,,,,,,,3,3,3,3,3,3,3,3,3,3,3,3,3,3,3,3,3,3
That Grass Looks Greener,,,,,,,,,,,,,,,,,,,,,,,,,,,,
The Agent of Mystery - Earth,,,,,,,,,,,,,,,,,,,,,,,,,,,,
The Bystial Lubellion,,,,,,,,,,,,,,,,,,,,,,,,,,,,
The Beginning of the End,,,,,,,,,,,,,,,,,,,,,,,3,3,3,3,3,3
The Forceful Sentry,,,3,1,1,1,1,1,1,1,1,1,1,1,1,1,0,0,0,0,0,0,0,0,0,0,0,0
The Phantom Knights of Torn Scales,,,,,,,,,,,,,,,,,,,,,,,,,,,,
The Transmigration Prophecy,,,,,,,,,,,,,,,,,,,,,3,1,1,1,1,1,1,1
The Tyrant Neptune,,,,,,,,,,,,,,,,,,,,,,,,,,,3,3
There Can Be Only One,,,,,,,,,,,,,,,,,,,,,,,,,,,,
Thousand-Eyes Restrict,,,,,,,3,3,3,3,3,3,3,3,3,3,3,1,1,0,0,0,0,0,0,0,0,0
Thunder Dragon Colossus,,,,,,,,,,,,,,,,,,,,,,,,,,,,
Thunder Dragonhawk,,,,,,,,,,,,,,,,,,,,,,,,,,,,
Thunder Dragonroar,,,,,,,,,,,,,,,,,,,,,,,,,,,,
Thunder King Rai-Oh,,,,,,,,,,,,,,,,,,,,,,3,3,3,3,3,3,3
"Tidal, Dragon Ruler of Waterfalls",,,,,,,,,,,,,,,,,,,,,,,,,,,,
Time Seal,,,,,,3,3,3,3,3,3,3,3,3,3,3,3,3,0,0,0,0,0,0,0,0,0,0
Toadally Awesome,,,,,,,,,,,,,,,,,,,,,,,,,,,,
Toon Cannon Soldier,,,,,,,,,,3,3,3,3,3,3,3,3,3,3,3,3,3,3,3,3,3,3,3
Topologic Gumblar Dragon,,,,,,,,,,,,,,,,,,,,,,,,,,,,
Torrential Tribute,,,,,,,,3,3,3,3,3,3,3,3,1,1,1,1,1,1,1,1,1,1,1,1,1
Tour Guide From the Underworld,,,,,,,,,,,,,,,,,,,,,,,,,,,,
Tragoedia,,,,,,,,,,,,,,,,,,,,,,,,3,3,3,1,1
Trap Dustshoot,,,,,,,,,,3,3,3,3,3,3,3,3,3,3,3,3,1,1,1,1,1,1,1
Trap Hole,1,3,3,3,3,3,3,3,3,3,3,3,3,3,3,3,3,3,3,3,3,3,3,3,3,3,3,3
Treeborn Frog,,,,,,,,,,,,,,,,,,,1,1,1,1,1,1,1,1,2,3
Tri-Brigade Fraktall,,,,,,,,,,,,,,,,,,,,,,,,,,,,
Tribe-Infecting Virus,,,,,,,,,,,1,1,1,1,1,1,1,1,0,0,0,0,0,0,0,0,0,0
Trickstar Candina,,,,,,,,,,,,,,,,,,,,,,,,,,,,
Trickstar Light Stage,,,,,,,,,,,,,,,,,,,,,,,,,,,,
Trickstar Reincarnation,,,,,,,,,,,,,,,,,,,,,,,,,,,,
"Trishula, Dragon of the Ice Barrier",,,,,,,,,,,,,,,,,,,,,,,,,,,3,1
True Draco Heritage,,,,,,,,,,,,,,,,,,,,,,,,,,,,
True King of All Calamities,,,,,,,,,,,,,,,,,,,,,,,,,,,,
True King's Return,,,,,,,,,,,,,,,,,,,,,,,,,,,,
Tsukuyomi,,,,,,,,,,,,3,3,3,3,3,3,1,1,0,0,0,0,0,0,0,0,0
Twin-Headed Behemoth,,,,,,,,,3,1,1,1,1,1,1,1,1,1,1,1,1,1,1,1,3,3,3,3
Ultimate Offering,3,3,3,3,3,3,3,3,3,3,3,3,3,3,3,3,3,3,3,1,1,1,1,1,2,2,2,2
Union Carrier,,,,,,,,,,,,,,,,,,,,,,,,,,,,
Union Hangar,,,,,,,,,,,,,,,,,,,,,,,,,,,,
United We Stand,,,,,,,,1,1,1,1,1,1,1,1,0,1,1,1,1,1,1,1,1,1,1,2,3
Upstart Goblin,,,3,3,3,3,3,3,3,3,3,3,3,3,3,3,2,2,2,2,3,3,3,3,3,3,3,3
Vampire Lord,,,,,,,,,,3,3,1,1,1,1,1,2,3,3,3,3,3,3,3,3,3,3,3
Vanity's Emptiness,,,,,,,,,,,,,,,,,,,,,,,,,,,,3
Victory Dragon,,,,,,,,,,,,3,3,3,3,3,3,3,0,1,0,0,0,0,0,0,0,0
Wall of Revealing Light,,,,,,,,,,,,,,,3,3,3,3,3,2,2,1,1,1,1,1,1,1
Wandering Gryphon Rider,,,,,,,,,,,,,,,,,,,,,,,,,,,,
WANTED: Seeker of Sinful Spoils,,,,,,,,,,,,,,,,,,,,,,,,,,,,
Water Enchantress of the Temple,,,,,,,,,,,,,,,,,,,,,,,,,,,,
Wavering Eyes,,,,,,,,,,,,,,,,,,,,,,,,,,,,
White Dragon Wyverburster,,,,,,,,,,,,,,,,,,,,,,,,,,,,
Wind-Up Carrier Zenmaity,,,,,,,,,,,,,,,,,,,,,,,,,,,,
Wind-Up Hunter,,,,,,,,,,,,,,,,,,,,,,,,,,,,
Wind-Up Magician,,,,,,,,,,,,,,,,,,,,,,,,,,,,
Wind-Up Shark,,,,,,,,,,,,,,,,,,,,,,,,,,,,
Windwitch - Ice Bell,,,,,,,,,,,,,,,,,,,,,,,,,,,,
Wisdom-Eye Magician,,,,,,,,,,,,,,,,,,,,,,,,,,,,
Witch of the Black Forest,,3,3,3,3,3,2,2,2,1,1,1,1,1,1,0,0,0,0,0,0,0,0,0,0,0,0,0
Yata-Garasu,,,,,,,,,1,1,1,1,1,1,0,0,0,0,0,0,0,0,0,0,0,0,0,0
Yellow Gadget,,,,,,,,,,,,,,,,3,3,3,3,3,3,2,3,3,3,3,3,3
Zoodiac Barrage,,,,,,,,,,,,,,,,,,,,,,,,,,,,
Zoodiac Broadbull,,,,,,,,,,,,,,,,,,,,,,,,,,,,
Zoodiac Drident,,,,,,,,,,,,,,,,,,,,,,,,,,,,
Zoodiac Ratpier,,,,,,,,,,,,,,,,,,,,,,,,,,,,
